,Pre-COVID-19 (%),COVID-19 Period (%)
BBD,3.3779477374123643,0.0
BBW,6.9471000637348626,5.88235294117647
MD,7.0745697896749515,5.88235294117647
PD,50.98789037603569,23.52941176470588
UI,13.38432122370937,50.0
UID,18.228170809432758,14.705882352941178
